{"cameraMode":{"drawMode":0,"name":"Shaded","section":"Shading Mode"},"sceneLighting":true,"audioPlay":false,"sceneViewState":{"m_AlwaysRefresh":false,"showFog":true,"showSkybox":true,"showFlares":true,"showImageEffects":true,"showParticleSystems":true,"showVisualEffectGraphs":true,"m_FxEnabled":true},"in2DMode":false,"pivot":{"x":222.41156005859376,"y":1.3786612749099732,"z":219.3124542236328},"rotation":{"x":-0.002331723226234317,"y":0.9872311353683472,"z":-0.15861956775188447,"w":-0.014512392692267895},"size":0.9457395672798157,"orthographic":false}